{
  "experiment": "E4_optimal_k_selection",
  "config": {
    "seed": 42,
    "device": "cpu",
    "results_dir": "./results_quick_test",
    "data_dir": "./data",
    "model_type": "cifar_cnn",
    "model_kwargs": {
      "num_classes": 10
    },
    "num_clients": 10,
    "k_values": [
      5,
      10
    ],
    "attack_ratios": [
      0.0,
      0.1
    ],
    "num_trials": 1
  },
  "timestamp": 1771341849.292334,
  "num_clients": 10,
  "k_values": [
    5,
    10
  ],
  "k_performance": {
    "5": {
      "0.0": {
        "precision": 0.0,
        "recall": 0.0,
        "f1_score": 0.0,
        "detection_time": 0.009554386138916016,
        "trial_results": [
          {
            "detection_results": {
              "byzantine_indices": [
                3,
                5,
                6
              ],
              "byzantine_client_ids": [
                "client_3",
                "client_5",
                "client_6"
              ],
              "trust_scores": [
                0.2953875533465157,
                -0.01095256198611505,
                0.17464440873167486,
                0.0,
                0.010952562012801037,
                0.31104168504988217,
                0.37911659662415553,
                -0.22383697716044093,
                0.20876762005538074,
                0.2085550635960921
              ],
              "geometric_median": [
                -26.257444381713867,
                0.16855008900165558,
                -104.22216033935547,
                2.220623731613159,
                -133.68431091308594,
                2.5796003341674805,
                -264.6124267578125,
                158.65293884277344,
                80.04618835449219,
                145.56568908691406,
                12.024971961975098,
                10.352739334106445,
                0.8267807364463806
              ],
              "distances_to_median": [
                528.076171875,
                757.6646728515625,
                618.56787109375,
                2319.222412109375,
                741.2477416992188,
                1265.80029296875,
                1214.7811279296875,
                917.2122192382812,
                592.9940185546875,
                593.1533203125
              ],
              "detection_threshold": 1124.184310913086,
              "median_distance": 749.4562072753906,
              "consensus_achieved": true,
              "honest_fraction": 0.7,
              "detection_time": 0.009554386138916016
            },
            "evaluation": {
              "true_positives": 0,
              "false_positives": 3,
              "false_negatives": 0,
              "true_negatives": 7,
              "precision": 0.0,
              "recall": 0,
              "f1_score": 0,
              "accuracy": 0.7
            },
            "detection_time": 0.009554386138916016
          }
        ]
      },
      "0.1": {
        "precision": 0.0,
        "recall": 0.0,
        "f1_score": 0.0,
        "detection_time": 0.0007977485656738281,
        "trial_results": [
          {
            "detection_results": {
              "byzantine_indices": [
                3,
                6
              ],
              "byzantine_client_ids": [
                "client_3",
                "client_6"
              ],
              "trust_scores": [
                0.22207639731532103,
                0.23016234233006905,
                -0.4742875514231326,
                0.2040123368301492,
                -0.010614004754653017,
                0.010614004777735775,
                0.4466142152501147,
                0.20851646469565244,
                0.40902566923857664,
                -0.30286005073071887
              ],
              "geometric_median": [
                -4.250351428985596,
                -0.07899662852287292,
                50.55535888671875,
                2.951202869415283,
                -164.04144287109375,
                -2.7584331035614014,
                75.3630599975586,
                -63.632904052734375,
                253.3453826904297,
                -33.762474060058594,
                0.04744816944003105,
                -3.1729578971862793,
                2.700272798538208
              ],
              "distances_to_median": [
                674.029541015625,
                667.0234985351562,
                1277.3919677734375,
                1556.1280517578125,
                875.6434326171875,
                857.25048828125,
                1345.9263916015625,
                685.7785034179688,
                512.0479125976562,
                1128.859130859375
              ],
              "detection_threshold": 1299.6704406738281,
              "median_distance": 866.4469604492188,
              "consensus_achieved": true,
              "honest_fraction": 0.8,
              "detection_time": 0.0007977485656738281
            },
            "evaluation": {
              "true_positives": 0,
              "false_positives": 2,
              "false_negatives": 1,
              "true_negatives": 7,
              "precision": 0.0,
              "recall": 0.0,
              "f1_score": 0,
              "accuracy": 0.7
            },
            "detection_time": 0.0007977485656738281
          }
        ]
      }
    },
    "10": {
      "0.0": {
        "precision": 0.0,
        "recall": 0.0,
        "f1_score": 0.0,
        "detection_time": 0.0005900859832763672,
        "trial_results": [
          {
            "detection_results": {
              "byzantine_indices": [],
              "byzantine_client_ids": [],
              "trust_scores": [
                0.3095688712539686,
                -0.0798772858809047,
                -0.1059484415579528,
                0.23602276500520147,
                -0.3720436743728939,
                0.25213833324537394,
                0.17820896782825835,
                -0.05844006463528828,
                -0.06126484548295119,
                0.058440064656111845
              ],
              "geometric_median": [
                -28.38074493408203,
                -1.3311067819595337,
                39.70787811279297,
                1.5471595525741577,
                -130.54537963867188,
                -5.298708438873291,
                70.79704284667969,
                45.309120178222656,
                -159.76266479492188,
                135.96168518066406,
                -72.87443542480469,
                43.836360931396484,
                -61.00680160522461,
                86.05873107910156,
                -64.31321716308594,
                3.296149492263794,
                -38.65074920654297,
                0.19943197071552277
              ],
              "distances_to_median": [
                663.1277465820312,
                1037.173095703125,
                1062.2132568359375,
                733.7654418945312,
                1317.78564453125,
                718.2871704101562,
                789.29296875,
                1016.5836181640625,
                1019.2966918945312,
                904.3255615234375
              ],
              "detection_threshold": 1440.681884765625,
              "median_distance": 960.45458984375,
              "consensus_achieved": true,
              "honest_fraction": 1.0,
              "detection_time": 0.0005900859832763672
            },
            "evaluation": {
              "true_positives": 0,
              "false_positives": 0,
              "false_negatives": 0,
              "true_negatives": 10,
              "precision": 0,
              "recall": 0,
              "f1_score": 0,
              "accuracy": 1.0
            },
            "detection_time": 0.0005900859832763672
          }
        ]
      },
      "0.1": {
        "precision": 1.0,
        "recall": 1.0,
        "f1_score": 1.0,
        "detection_time": 0.0006010532379150391,